{
  "currentVersion": "1.3.5",
  "lastViewedVersion": "1.3.0",
  "versions": [
    {
      "version": "1.3.5",
      "date": "2024-12-28",
      "title": "UI界面重构优化",
      "changes": [
        "🎨 顶部区域重构：采用现代化设计风格，优化布局和空间利用",
        "🔍 搜索功能区重新设计：圆润边角，浅灰色边框，提升用户体验",
        "🏷️ 标签筛选区优化：pill形状设计，横向滚动布局，适应不同屏幕宽度",
        "📝 复制按钮改为文字样式，移除图标，提供更直观的操作体验",
        "🎭 提示词卡片UI重构：新增悬停交互动画，包括阴影增强、轻微位移和放大效果",
        "🌈 卡片悬停背景色优化：支持明暗主题自适应，提升视觉层次感",
        "✨ 增强过渡动画效果：0.3s ease过渡，提供更流畅的用户交互体验",
        "🎯 交互细节优化：按钮和标签添加悬停效果，提升操作反馈"
      ]
    },
    {
      "version": "1.3.0",
      "date": "2025-06-30",
      "title": "代码架构重构",
      "changes": [
        "🔧 完成JavaScript代码模块化重构，提升代码质量和可维护性",
        "📁 重新组织项目文件结构，实现更清晰的分层架构",
        "🐛 修复所有JavaScript语法错误，确保代码稳定运行",
        "⚡ 优化函数调用逻辑，提升应用响应速度",
        "📝 统一代码风格，添加完整的JSDoc注释",
        "🔄 新增版本更新日志功能，用户可查看版本变更历史"
      ]
    },
    {
      "version": "1.2.2",
      "date": "2025-06-27",
      "title": "数据安全修复",
      "changes": [
        "🛡️ 修复Google登录退出后用户数据丢失的严重问题",
        "🔧 替换过度清理逻辑，退出登录时仅清除认证数据，完整保留用户提示词",
        "🚀 修复浏览器重启后错误触发'首次安装'流程的问题",
        "🔒 新增数据保护机制，防止用户数据被意外清理",
        "🌐 修复插件在某些网页上导致页面无法加载的兼容性问题"
      ]
    },
    {
      "version": "1.2.1",
      "date": "2025-06-25",
      "title": "Google登录状态修复",
      "changes": [
        "🔧 修复浏览器重启后Google登录状态丢失问题，实现认证状态持久化",
        "🎯 新增前后端认证状态'初次握手'机制，确保UI与后台状态一致",
        "✨ 优化用户主动关闭Google登录窗口的处理逻辑，静默恢复按钮状态",
        "🛡️ 区分'用户主动取消'和'真正的登录失败'，提供更精准的用户反馈",
        "📊 改进控制台日志输出，用户取消登录时使用普通日志而非错误级别"
      ]
    },
    {
      "version": "1.2.0",
      "date": "2025-06-22",
      "title": "登录动画优化",
      "changes": [
        "🎭 实现流畅的登录按钮加载动画，提供清晰的视觉反馈",
        "📊 新增分阶段登录进度提示（'正在连接Google...'、'正在验证身份...'、'正在同步数据...'）",
        "⚡ 启动时预热登录资源，显著减少首次登录等待时间，解决10秒延迟问题",
        "🛡️ 防重复点击保护，自动状态恢复，确保登录流程稳定可靠",
        "🎯 完整的登录交互体验重构，从点击到完成全程可视化反馈",
        "🔧 实现消息驱动的进度回调机制，前后端协同处理登录状态"
      ]
    },
    {
      "version": "1.1.0",
      "date": "2025-06-22",
      "title": "消息驱动架构",
      "changes": [
        "🚀 实现全面的通信机制重构，所有核心服务由后台脚本统一管理",
        "🔧 确保核心服务单实例运行，解决多实例干扰问题",
        "🎯 彻底分离UI渲染与业务逻辑，提升代码可维护性",
        "⚡ 解决'通知风暴'导致的界面卡顿问题，提升列表更新性能",
        "🛡️ 彻底解决同步流程并发执行Bug，确保数据处理原子性",
        "🔐 修复脚本上下文隔离导致的认证超时问题",
        "🔄 优化云端删除记录处理逻辑，避免'僵尸记录'问题",
        "🧹 移除主题设置的重复轮询请求，减少资源消耗"
      ]
    },
    {
      "version": "1.0.0",
      "date": "2025-06-20",
      "title": "云端同步功能",
      "changes": [
        "🔄 实现完整的Supabase云端数据同步，支持跨设备数据一致性",
        "🔀 本地操作立即推送云端，云端变更通过定时同步（10分钟）和事件触发更新本地",
        "🐛 修复重复toast提示问题，移除重复的消息监听器",
        "🔧 修复云端删除操作无法同步到本地的问题",
        "⚡ 优化同步状态管理，减少不必要的UI刷新",
        "🛡️ 增强本地和云端数据的一致性保障机制",
        "📱 完善多设备间的数据同步体验"
      ]
    },
    {
      "version": "0.9.0",
      "date": "2025-06-19",
      "title": "用户认证系统",
      "changes": [
        "🔐 新增Google OAuth登录功能，支持安全的用户身份验证",
        "🔧 完全重构OAuth认证系统，移除冲突代码，采用纯chrome.identity.launchWebAuthFlow实现",
        "🛡️ 优化Supabase配置，简化消息传递机制，提升系统安全性",
        "🧹 移除冗余代码和不必要的权限，精简manifest.json配置",
        "🐛 解决authService标识符重复声明问题，确保代码正确运行",
        "⚡ 修复多个GoTrueClient实例警告，优化认证服务加载逻辑",
        "🔄 简化认证服务初始化流程，添加防重复加载机制"
      ]
    },
    {
      "version": "0.5.1",
      "date": "2025-06-17",
      "title": "提示词排序优化",
      "changes": [
        "📋 新创建的提示词自动显示在列表顶部，按创建时间降序排列",
        "🎨 重新设计外观设置布局，图标和文字同行显示，提升用户体验",
        "🔧 优化设置面板中主题选择器的视觉效果和间距",
        "🎯 确保快速调用功能的文本插入格式与复制按钮保持一致"
      ]
    },
    {
      "version": "0.5.0",
      "date": "2025-06-16",
      "title": "重大架构重构",
      "changes": [
        "🚀 简化扩展整体架构，移除不必要的复杂性，提升系统性能和稳定性",
        "🔒 优化Chrome Storage API使用机制，提升数据读写效率和安全性",
        "🛡️ 强化用户数据隐私保护，确保所有数据仅在本地处理，无任何外部传输",
        "🏗️ 优化用户操作流程，移除不必要的认证步骤，提供更直接的使用体验",
        "⚡ 减少外部依赖库，显著提升扩展启动速度和响应性能",
        "🧹 大规模代码重构和清理，移除冗余代码，提升代码可维护性",
        "📝 优化manifest.json配置，移除不必要的权限申请，降低安全风险",
        "🔧 精简package.json依赖项，减少包体积，提升安装和更新速度"
      ]
    },
    {
      "version": "0.1.9",
      "date": "2025-06-14",
      "title": "重大性能优化",
      "changes": [
        "🚀 实现骨架屏加载，彻底解决首次打开2-3秒白屏问题",
        "⚡ 用户打开侧边栏时立即看到优雅的骨架屏占位符",
        "🎨 添加4个静态骨架卡片，包含标题、按钮、分类、内容行等完整占位符",
        "🔄 移除setTimeout延迟，改为完全async/await实现",
        "📊 先从chrome.storage.local获取数据，再进行渲染",
        "🎭 骨架屏采用平滑脉冲动画，支持明暗主题切换",
        "💾 确保所有组件都使用chrome.storage.local作为唯一数据源"
      ]
    },
    {
      "version": "0.1.7",
      "date": "2025-06-14",
      "title": "跨框架文本插入优化",
      "changes": [
        "🚀 提升与各种前端框架的兼容性",
        "🎯 确保文本插入的准确性和稳定性",
        "🌐 通过manifest.json配置实现全框架覆盖",
        "🎨 恢复原生CSS媒体查询主题检测，确保主题一致性"
      ]
    },
    {
      "version": "0.1.6",
      "date": "2025-06-13",
      "title": "初始化架构优化",
      "changes": [
        "⚡ 提升数据加载性能和扩展启动速度",
        "📋 扩展启动时自动加载到内存，提升响应速度",
        "🛡️ 新增用户友好的错误提示功能",
        "🔧 确保资源文件正确访问"
      ]
    },
    {
      "version": "0.1.5",
      "date": "2025-06-12",
      "title": "内容长度限制",
      "changes": [
        "📝 增加提示词内容10000字符限制",
        "📊 新增字符计数显示功能",
        "🎨 提示词卡片预览显示更多内容",
        "📚 新增多个高质量专业提示词"
      ]
    },
    {
      "version": "0.1.3",
      "date": "2025-06-12",
      "title": "右键菜单功能",
      "changes": [
        "🖱️ 新增右键快速添加提示词功能",
        "🔍 提升搜索功能响应速度",
        "🏷️ 优化分类管理界面体验"
      ]
    },
    {
      "version": "0.1.2",
      "date": "2025-06-11",
      "title": "JSON导入导出",
      "changes": [
        "📁 新增JSON格式数据导入导出功能",
        "🎨 提升提示词卡片的视觉效果"
      ]
    },
    {
      "version": "0.1.1",
      "date": "2025-06-10",
      "title": "分类管理功能",
      "changes": [
        "🏷️ 新增提示词分类管理系统",
        "🔍 改进搜索性能和准确性"
      ]
    },
    {
      "version": "0.1.0",
      "date": "2025-06-09",
      "title": "首次发布",
      "changes": [
        "🎉 基础的提示词管理功能",
        "💾 纯本地数据存储，保护用户隐私",
        "🎨 现代化的用户界面设计"
      ]
    }
  ]
}